date,open,close,high,low,volume,code
2014-01-02,7.032,7.032,7.103,6.971,485299.0,2
2014-01-03,7.015,6.9,7.015,6.83,540467.0,2
2014-01-06,6.883,6.583,6.9,6.487,1231594.0,2
2014-01-07,6.539,6.539,6.61,6.46,601149.0,2
2014-01-08,6.557,6.531,6.61,6.495,594532.0,2
2014-01-09,6.539,6.566,6.619,6.469,817234.0,2
2014-01-10,6.531,6.495,6.575,6.487,467698.0,2
2014-01-13,6.504,6.372,6.531,6.214,1187554.0,2
2014-01-14,6.319,6.363,6.39,6.275,869623.0,2
2014-01-15,6.346,6.311,6.363,6.267,491753.0,2
2014-01-16,6.319,6.328,6.355,6.267,476950.0,2
2014-01-17,6.311,6.231,6.319,6.231,555667.0,2
2014-01-20,6.214,6.275,6.302,6.196,411916.0,2
2014-01-21,6.293,6.355,6.399,6.293,480306.0,2
2014-01-22,6.372,6.707,6.759,6.355,1140576.0,2
2014-01-23,6.724,6.592,6.742,6.539,787573.0,2
2014-01-24,6.575,6.856,6.98,6.557,1361815.0,2
2014-01-27,6.777,6.733,6.839,6.671,706739.0,2
2014-01-28,6.777,6.724,6.856,6.627,423566.0,2
2014-01-29,6.751,6.636,6.759,6.583,507991.0,2
2014-01-30,6.619,6.495,6.619,6.478,392538.0,2
2014-02-07,6.46,6.522,6.522,6.372,498530.0,2
2014-02-10,6.557,6.61,6.645,6.531,1062379.0,2
2014-02-11,6.601,6.645,6.707,6.539,1084446.0,2
2014-02-12,6.627,6.619,6.698,6.592,837754.0,2
2014-02-13,6.619,6.522,6.619,6.495,843051.0,2
2014-02-14,6.522,6.487,6.557,6.425,953287.0,2
2014-02-17,6.513,6.487,6.531,6.425,851339.0,2
2014-02-18,6.478,6.399,6.478,6.39,781694.0,2
2014-02-19,6.399,6.487,6.513,6.363,918517.0,2
2014-02-20,6.487,6.443,6.583,6.425,900218.0,2
2014-02-21,6.434,6.302,6.469,6.249,1052345.0,2
2014-02-24,6.161,5.888,6.17,5.827,1904246.0,2
2014-02-25,5.897,5.783,5.932,5.765,1299324.0,2
2014-02-26,5.783,5.879,5.906,5.739,941904.0,2
2014-02-27,5.906,5.8,5.915,5.765,790142.0,2
2014-02-28,5.818,5.915,5.932,5.791,679408.0,2
2014-03-03,5.871,5.844,5.906,5.774,760743.0,2
2014-03-04,6.161,6.091,6.249,5.967,2122496.0,2
2014-03-05,6.091,5.95,6.091,5.941,590262.0,2
2014-03-06,5.95,6.443,6.539,5.888,2660970.0,2
2014-03-07,6.46,6.399,6.566,6.363,1719535.0,2
2014-03-10,6.355,6.293,6.451,6.196,1164026.0,2
2014-03-11,6.328,6.601,6.68,6.293,1892488.0,2
2014-03-12,6.583,6.689,6.909,6.531,2089872.0,2
2014-03-13,6.671,6.786,6.909,6.627,1492358.0,2
2014-03-14,6.759,6.627,6.874,6.601,1303109.0,2
2014-03-17,6.689,6.83,6.865,6.68,1177079.0,2
2014-03-18,6.83,6.689,6.83,6.645,843899.0,2
2014-03-19,6.61,6.601,6.636,6.372,1575462.0,2
2014-03-20,6.601,6.61,6.803,6.513,1154551.0,2
2014-03-21,6.663,7.05,7.112,6.557,2704395.0,2
2014-03-24,7.05,7.094,7.191,6.909,1398770.0,2
2014-03-25,7.076,7.024,7.217,6.953,957541.0,2
2014-03-26,7.032,6.909,7.076,6.856,704058.0,2
2014-03-27,6.865,7.024,7.129,6.803,1078006.0,2
2014-03-28,6.98,7.147,7.252,6.971,1105309.0,2
2014-03-31,7.182,7.12,7.235,7.006,678971.0,2
2014-04-01,7.112,7.112,7.2,7.085,525249.0,2
2014-04-02,7.164,7.296,7.393,7.138,1286559.0,2
2014-04-03,7.305,7.129,7.384,7.103,986366.0,2
2014-04-04,7.129,7.138,7.173,7.05,642858.0,2
2014-04-08,7.085,7.173,7.244,6.988,961185.0,2
2014-04-09,7.182,7.085,7.208,7.059,929854.0,2
2014-04-10,7.076,7.085,7.112,6.883,1601694.0,2
2014-04-11,7.041,6.997,7.05,6.944,775951.0,2
2014-04-14,6.997,6.98,7.05,6.892,530246.0,2
2014-04-15,6.918,6.83,6.962,6.777,758813.0,2
2014-04-16,6.812,6.927,6.971,6.786,709656.0,2
2014-04-17,6.936,6.821,6.944,6.803,457592.0,2
2014-04-18,6.777,6.848,6.865,6.707,410082.0,2
2014-04-21,6.786,6.742,6.865,6.733,454483.0,2
2014-04-22,6.733,6.812,6.839,6.707,648158.0,2
2014-04-23,6.795,6.856,6.892,6.777,467835.0,2
2014-04-24,6.892,7.032,7.129,6.839,1396402.0,2
2014-04-25,7.103,6.988,7.138,6.953,697631.0,2
2014-04-28,7.024,7.015,7.182,6.971,968451.0,2
2014-04-29,6.962,6.988,7.024,6.751,671097.0,2
2014-04-30,6.927,6.953,7.024,6.839,395476.0,2
2014-05-05,6.909,6.812,6.918,6.751,577174.0,2
2014-05-06,6.812,6.856,6.953,6.812,463797.0,2
2014-05-07,6.856,6.927,6.944,6.821,527230.0,2
2014-05-08,6.945,6.825,7.038,6.797,751904.0,2
2014-05-09,6.825,6.741,6.843,6.592,629680.0,2
2014-05-12,6.76,6.797,6.899,6.676,517227.0,2
2014-05-13,6.862,6.992,7.047,6.843,897278.0,2
2014-05-14,7.103,7.085,7.27,7.066,931987.0,2
2014-05-15,7.075,7.038,7.094,6.992,458698.0,2
2014-05-16,7.038,7.15,7.242,7.038,962341.0,2
2014-05-19,7.112,7.14,7.224,6.982,594646.0,2
2014-05-20,7.15,7.187,7.224,7.094,685875.0,2
2014-05-21,7.131,7.187,7.215,7.038,543435.0,2
2014-05-22,7.196,7.326,7.372,7.177,921420.0,2
2014-05-23,7.354,7.567,7.614,7.289,1338277.0,2
2014-05-26,7.614,7.53,7.697,7.493,607556.0,2
2014-05-27,7.53,7.586,7.66,7.484,800997.0,2
2014-05-28,7.595,7.846,7.855,7.586,1557074.0,2
2014-05-29,7.985,7.93,8.125,7.837,1666996.0,2
2014-05-30,7.967,7.939,8.041,7.874,1061588.0,2
2014-06-03,7.902,7.8,8.013,7.725,1184525.0,2
2014-06-04,7.762,7.614,7.8,7.54,773771.0,2
2014-06-05,7.595,7.716,7.753,7.567,476586.0,2
2014-06-06,7.716,7.66,7.735,7.512,495191.0,2
2014-06-09,7.586,7.707,7.948,7.54,826742.0,2
2014-06-10,7.66,7.79,7.883,7.66,695095.0,2
2014-06-11,7.781,7.8,7.911,7.725,579668.0,2
2014-06-12,7.79,7.809,7.855,7.614,801011.0,2
2014-06-13,7.781,7.827,7.874,7.688,635541.0,2
2014-06-16,7.809,7.67,7.818,7.595,863513.0,2
2014-06-17,7.66,7.54,7.66,7.465,685986.0,2
2014-06-18,7.54,7.521,7.586,7.493,346365.0,2
2014-06-19,7.549,7.419,7.567,7.4,405218.0,2
2014-06-20,7.465,7.549,7.549,7.419,426682.0,2
2014-06-23,7.549,7.567,7.595,7.502,249327.0,2
2014-06-24,7.605,7.512,7.605,7.475,324250.0,2
2014-06-25,7.549,7.549,7.558,7.391,536538.0,2
2014-06-26,7.54,7.67,7.735,7.512,599034.0,2
2014-06-27,7.679,7.725,7.781,7.642,550831.0,2
2014-06-30,7.725,7.679,7.753,7.632,393736.0,2
2014-07-01,7.697,7.521,7.697,7.484,609368.0,2
2014-07-02,7.512,7.54,7.549,7.475,406331.0,2
2014-07-03,7.53,7.567,7.586,7.521,288037.0,2
2014-07-04,7.614,7.865,7.892,7.614,1358193.0,2
2014-07-07,7.892,8.134,8.255,7.846,1460167.0,2
2014-07-08,8.125,8.06,8.152,7.948,634375.0,2
2014-07-09,8.069,7.948,8.134,7.93,623595.0,2
2014-07-10,7.967,8.069,8.134,7.967,498934.0,2
2014-07-11,8.227,8.18,8.301,8.115,849992.0,2
2014-07-14,8.162,8.245,8.329,8.125,513882.0,2
2014-07-15,8.227,8.227,8.264,8.208,375980.0,2
2014-07-16,8.217,8.078,8.292,8.05,731638.0,2
2014-07-17,8.069,7.995,8.125,7.865,705071.0,2
2014-07-18,7.92,8.255,8.375,7.902,1025449.0,2
2014-07-21,8.264,8.301,8.347,8.245,515900.0,2
2014-07-22,8.264,8.524,8.552,8.245,875266.0,2
2014-07-23,8.524,8.719,8.784,8.524,892432.0,2
2014-07-24,8.747,9.072,9.118,8.747,1432468.0,2
2014-07-25,9.118,9.109,9.183,8.886,738573.0,2
2014-07-28,9.109,9.146,9.285,9.016,1220069.0,2
2014-07-29,9.137,9.285,9.369,9.007,1066606.0,2
2014-07-30,9.22,8.942,9.294,8.812,1633035.0,2
2014-07-31,8.895,9.192,9.211,8.812,922418.0,2
2014-08-01,9.099,9.044,9.267,9.034,903075.0,2
2014-08-04,9.053,9.239,9.257,8.979,906383.0,2
2014-08-05,9.257,9.044,9.257,8.979,822254.0,2
2014-08-06,8.988,8.895,8.997,8.793,766842.0,2
2014-08-07,8.877,8.839,8.96,8.802,691681.0,2
2014-08-08,8.839,8.765,8.858,8.635,877855.0,2
2014-08-11,8.765,8.923,8.988,8.765,701998.0,2
2014-08-12,8.923,8.877,8.923,8.821,517427.0,2
2014-08-13,8.923,8.867,8.942,8.728,531308.0,2
2014-08-14,8.858,8.691,8.886,8.682,626639.0,2
2014-08-15,8.682,8.728,8.821,8.682,418078.0,2
2014-08-18,8.737,8.709,8.802,8.682,586810.0,2
2014-08-19,8.756,8.728,8.756,8.663,581953.0,2
2014-08-20,8.719,8.552,8.719,8.524,935990.0,2
2014-08-21,8.524,8.663,8.672,8.375,973011.0,2
2014-08-22,8.598,8.682,8.7,8.579,582370.0,2
2014-08-25,8.663,8.505,8.663,8.459,532182.0,2
2014-08-26,8.449,8.505,8.561,8.431,349707.0,2
2014-08-27,8.505,8.505,8.598,8.459,333040.0,2
2014-08-28,8.505,8.375,8.524,8.366,510218.0,2
2014-08-29,8.403,8.468,8.496,8.375,316540.0,2
2014-09-01,8.468,8.514,8.533,8.449,436507.0,2
2014-09-02,8.533,8.589,8.589,8.459,610470.0,2
2014-09-03,8.598,8.821,8.839,8.589,1170169.0,2
2014-09-04,8.96,8.979,9.072,8.914,1100239.0,2
2014-09-05,9.016,9.127,9.155,8.988,924771.0,2
2014-09-09,9.127,8.932,9.127,8.895,630201.0,2
2014-09-10,8.83,8.784,8.858,8.682,691210.0,2
2014-09-11,8.747,8.765,8.895,8.719,704681.0,2
2014-09-12,8.728,8.765,8.784,8.672,388227.0,2
2014-09-15,8.691,8.589,8.691,8.542,961560.0,2
2014-09-16,8.626,8.552,8.672,8.552,790173.0,2
2014-09-17,8.607,8.607,8.635,8.561,675671.0,2
2014-09-18,8.561,8.57,8.617,8.514,648544.0,2
2014-09-19,8.57,8.617,8.617,8.524,660690.0,2
2014-09-22,8.598,8.561,8.654,8.533,668230.0,2
2014-09-23,8.672,8.663,8.821,8.617,879440.0,2
2014-09-24,8.635,8.765,8.774,8.598,898003.0,2
2014-09-25,8.812,8.719,8.839,8.691,789390.0,2
2014-09-26,8.709,8.663,8.737,8.617,543491.0,2
2014-09-29,8.663,8.561,8.663,8.496,873741.0,2
2014-09-30,8.552,8.524,8.57,8.496,519218.0,2
2014-10-08,8.858,8.765,8.895,8.682,1447312.0,2
2014-10-09,8.774,8.793,8.886,8.774,825050.0,2
2014-10-10,8.793,8.886,9.016,8.737,1178578.0,2
2014-10-13,8.886,8.951,9.099,8.821,828536.0,2
2014-10-14,8.942,8.83,8.942,8.774,654398.0,2
2014-10-15,8.784,8.737,8.839,8.635,609059.0,2
2014-10-16,8.682,8.644,8.709,8.617,608289.0,2
2014-10-17,8.644,8.682,8.737,8.598,591395.0,2
2014-10-20,8.728,8.682,8.784,8.654,597402.0,2
2014-10-21,8.663,8.561,8.672,8.542,551512.0,2
2014-10-22,8.57,8.542,8.617,8.524,412005.0,2
2014-10-23,8.552,8.449,8.579,8.394,478058.0,2
2014-10-24,8.44,8.44,8.524,8.403,325343.0,2
2014-10-27,8.431,8.152,8.44,8.115,842476.0,2
2014-10-28,8.19,8.375,8.384,8.19,693200.0,2
2014-10-29,8.384,8.561,8.561,8.282,837365.0,2
2014-10-30,8.561,8.524,8.561,8.422,692820.0,2
2014-10-31,8.505,8.728,8.747,8.496,1100853.0,2
2014-11-03,8.756,8.635,8.877,8.542,884538.0,2
2014-11-04,8.598,8.719,8.747,8.524,905869.0,2
2014-11-05,8.709,8.626,8.737,8.589,478826.0,2
2014-11-06,8.654,8.663,8.821,8.626,724469.0,2
2014-11-07,8.672,8.728,8.877,8.589,1002195.0,2
2014-11-10,8.821,8.895,8.932,8.765,1291618.0,2
2014-11-11,8.942,8.914,9.099,8.877,1662414.0,2
2014-11-12,8.895,9.016,9.044,8.858,947386.0,2
2014-11-13,9.025,8.83,9.072,8.774,991456.0,2
2014-11-14,8.802,8.979,8.997,8.728,981738.0,2
2014-11-17,9.007,8.793,9.137,8.728,996177.0,2
2014-11-18,8.756,8.626,8.802,8.57,709607.0,2
2014-11-19,8.589,8.533,8.654,8.496,725051.0,2
2014-11-20,8.496,8.579,8.607,8.487,579625.0,2
2014-11-21,8.57,8.7,8.709,8.524,795802.0,2
2014-11-24,9.192,9.424,9.564,9.053,4698767.0,2
2014-11-25,9.424,9.359,9.489,9.239,1867132.0,2
2014-11-26,9.359,9.378,9.424,9.229,1890551.0,2
2014-11-27,9.415,9.536,9.703,9.313,2162682.0,2
2014-11-28,9.471,10.121,10.214,9.387,3320329.0,2
2014-12-01,10.121,9.879,10.204,9.852,2059767.0,2
2014-12-02,9.787,10.149,10.353,9.712,2353228.0,2
2014-12-03,10.214,10.399,11.031,10.214,3408338.0,2
2014-12-04,10.409,10.854,10.956,10.242,2322180.0,2
2014-12-05,10.891,10.641,11.235,10.307,3123284.0,2
2014-12-08,10.631,11.421,11.634,10.492,3592707.0,2
2014-12-09,11.142,10.604,12.256,10.474,4567689.0,2
2014-12-10,10.752,11.096,11.216,10.455,2672549.0,2
2014-12-11,10.956,11.17,11.56,10.845,1844100.0,2
2014-12-12,11.17,10.854,11.281,10.678,1310258.0,2
2014-12-15,10.724,10.492,10.734,10.288,1677883.0,2
2014-12-16,10.418,10.706,10.706,10.288,2038079.0,2
2014-12-17,10.678,11.077,11.105,10.455,3055534.0,2
2014-12-18,11.151,10.789,11.402,10.724,2416893.0,2
2014-12-19,10.789,10.659,10.799,10.381,1822460.0,2
2014-12-22,10.678,10.882,11.309,10.502,2766515.0,2
2014-12-23,10.864,10.91,11.328,10.539,2860118.0,2
2014-12-24,10.882,10.242,10.91,10.149,2715193.0,2
2014-12-25,10.288,10.418,10.474,10.158,1613411.0,2
2014-12-26,10.427,10.938,10.966,10.381,2576462.0,2
2014-12-29,11.17,11.541,11.941,11.031,5437483.0,2
2014-12-30,11.56,11.736,12.21,11.319,3861244.0,2
2014-12-31,11.699,12.906,12.906,11.569,4899544.0,2
2015-01-05,13.361,13.844,14.197,13.203,6560835.0,2
2015-01-06,13.556,13.333,13.918,13.046,3346346.0,2
2015-01-07,13.241,13.213,13.463,12.999,2642051.0,2
2015-01-08,13.296,12.619,13.343,12.498,2639394.0,2
2015-01-09,12.572,12.489,13.203,12.34,3294584.0,2
2015-01-12,12.368,12.182,12.368,11.839,2436341.0,2
2015-01-13,12.117,12.136,12.424,12.043,1664610.0,2
2015-01-14,12.136,12.164,12.349,11.95,1646818.0,2
2015-01-15,12.191,12.786,12.841,12.071,2429686.0,2
2015-01-16,12.786,12.554,12.786,12.433,2129475.0,2
2015-01-19,11.606,11.3,11.978,11.3,3603625.0,2
2015-01-20,11.328,11.467,11.699,11.198,2914688.0,2
2015-01-21,11.449,12.117,12.256,11.235,3555294.0,2
2015-01-22,12.089,12.609,12.674,11.996,3224727.0,2
2015-01-23,12.6,12.925,13.083,12.349,3310408.0,2
2015-01-26,12.99,12.721,12.999,12.479,2162685.0,2
2015-01-27,12.693,12.238,12.739,11.941,2804018.0,2
2015-01-28,12.173,12.071,12.321,11.959,1561743.0,2
2015-01-29,11.792,12.08,12.229,11.718,1468303.0,2
2015-01-30,12.154,12.182,12.526,11.885,2096247.0,2
2015-02-02,11.876,11.959,12.433,11.588,1976760.0,2
2015-02-03,11.987,12.034,12.191,11.421,2936871.0,2
2015-02-04,11.978,11.885,12.219,11.857,1660872.0,2
2015-02-05,12.433,11.792,12.563,11.774,3160360.0,2
2015-02-06,11.718,11.291,11.718,11.124,3163186.0,2
2015-02-09,11.17,11.309,11.449,10.901,1278024.0,2
2015-02-10,11.244,11.532,11.579,11.189,1077456.0,2
2015-02-11,11.606,11.523,11.736,11.458,878329.0,2
2015-02-12,11.523,11.579,11.653,11.328,895267.0,2
2015-02-13,11.644,11.848,12.08,11.449,1968043.0,2
2015-02-16,11.755,11.736,11.848,11.634,1308144.0,2
2015-02-17,11.801,11.857,11.913,11.718,1198783.0,2
2015-02-25,11.857,11.514,11.857,11.449,1498051.0,2
2015-02-26,11.514,11.931,11.931,11.467,1733762.0,2
2015-02-27,11.857,11.839,12.043,11.783,1246318.0,2
2015-03-02,12.089,11.857,12.164,11.727,3225633.0,2
2015-03-03,11.718,11.328,11.727,11.291,2365535.0,2
2015-03-04,11.328,11.346,11.495,11.179,1647137.0,2
2015-03-05,11.226,11.049,11.291,10.966,1793786.0,2
2015-03-06,11.049,11.086,11.263,11.031,1105036.0,2
2015-03-09,10.956,11.346,11.476,10.706,2044228.0,2
2015-03-10,11.226,11.161,11.291,11.114,1077109.0,2
2015-03-11,11.161,11.077,11.328,11.021,1153733.0,2
2015-03-12,11.198,11.346,11.411,11.105,1818728.0,2
2015-03-13,11.393,11.356,11.514,11.291,1334069.0,2
2015-03-16,11.476,11.597,11.634,11.384,1753781.0,2
2015-03-17,11.69,11.727,11.829,11.616,2128349.0,2
2015-03-18,11.746,12.201,12.256,11.746,2895467.0,2
2015-03-19,12.145,11.95,12.145,11.848,2129788.0,2
2015-03-20,12.024,12.201,12.396,11.866,3494016.0,2
2015-03-23,12.349,12.405,12.674,12.312,3313611.0,2
2015-03-24,12.414,12.117,12.424,11.941,2656169.0,2
2015-03-25,12.108,11.866,12.108,11.783,2073761.0,2
2015-03-26,11.783,12.024,12.117,11.671,2090007.0,2
2015-03-27,12.238,12.396,12.396,12.089,3441589.89,2
2015-03-30,12.442,13.222,13.445,12.238,6361647.0,2
2015-03-31,13.788,12.832,13.9,12.674,7481473.0,2
2015-04-01,12.748,12.739,12.869,12.507,3758034.0,2
2015-04-02,12.776,12.619,12.925,12.47,3199246.0,2
2015-04-03,12.451,12.489,12.516,12.247,3565631.0,2
2015-04-07,12.516,12.739,12.748,12.414,3753195.0,2
2015-04-08,12.739,12.832,12.925,12.451,4489815.0,2
2015-04-09,12.841,13.593,13.761,12.544,7171546.0,2
2015-04-10,13.259,13.296,13.436,13.064,4248942.0,2
2015-04-13,13.389,13.343,13.575,13.203,4074305.0,2
2015-04-14,13.306,13.111,13.426,12.999,3276759.0,2
2015-04-15,13.092,12.906,13.166,12.823,2784022.0,2
2015-04-16,12.851,13.278,13.278,12.786,3346233.0,2
2015-04-17,13.482,13.621,13.853,13.287,5846092.0,2
2015-04-20,13.723,13.194,14.021,13.176,5933164.0,2
2015-04-21,13.148,13.445,13.51,13.018,3743243.0,2
2015-04-22,13.463,13.816,13.853,13.38,4468763.0,2
2015-04-23,14.067,13.705,14.16,13.603,4717331.0,2
2015-04-24,13.445,13.389,13.649,13.138,3620661.0,2
2015-04-27,13.38,13.649,13.649,13.278,4225620.0,2
2015-04-28,13.603,13.176,13.612,13.101,3866039.0,2
2015-04-29,13.064,13.222,13.398,12.934,2773328.0,2
2015-04-30,13.306,13.556,13.863,13.194,5411486.0,2
2015-05-04,13.575,13.51,13.733,13.371,3091768.0,2
2015-05-05,13.566,12.786,13.584,12.646,3285524.0,2
2015-05-06,12.841,12.591,13.046,12.451,2521719.0,2
2015-05-07,12.572,12.637,12.795,12.516,1754222.0,2
2015-05-08,12.721,12.813,12.823,12.507,1978575.0,2
2015-05-11,12.999,13.064,13.092,12.823,3653074.0,2
2015-05-12,13.036,12.925,13.036,12.841,2547328.0,2
2015-05-13,12.934,13.649,13.853,12.748,5805461.0,2
2015-05-14,13.835,13.547,14.485,13.491,7786253.0,2
2015-05-15,13.658,13.148,13.723,12.99,3391408.0,2
2015-05-18,12.99,12.851,12.99,12.721,2365271.0,2
2015-05-19,12.888,13.148,13.241,12.813,2581797.0,2
2015-05-20,13.166,13.046,13.352,12.981,3055941.0,2
2015-05-21,13.073,13.138,13.278,12.916,2540510.0,2
2015-05-22,13.194,13.454,13.538,13.138,3801245.0,2
2015-05-25,13.491,13.946,14.048,13.491,4465669.0,2
2015-05-26,14.178,14.643,14.736,13.798,6561485.0,2
2015-05-27,14.531,14.299,14.717,14.271,4124448.0,2
2015-05-28,14.401,13.324,14.522,13.008,4503202.0,2
2015-05-29,13.324,13.324,13.51,12.981,2845316.0,2
2015-06-01,13.352,13.816,13.872,13.231,3100399.0,2
2015-06-02,13.928,13.742,13.937,13.51,2678691.0,2
2015-06-03,13.77,13.974,14.095,13.51,3013718.0,2
2015-06-04,13.993,13.918,14.253,13.12,3752068.0,2
2015-06-05,14.067,14.457,14.624,13.937,5641505.0,2
2015-06-08,14.485,14.93,15.06,14.364,5849615.0,2
2015-06-09,15.005,14.541,15.088,14.383,4257386.0,2
2015-06-10,14.327,14.411,14.624,14.253,2829564.0,2
2015-06-11,14.299,14.225,14.411,14.067,2317570.0,2
2015-06-12,14.253,14.373,14.541,14.206,2467936.0,2
2015-06-15,14.373,13.881,14.392,13.844,2741810.0,2
2015-06-16,13.853,13.352,13.863,13.241,2668429.0,2
2015-06-17,13.389,13.538,13.556,13.092,2186123.0,2
2015-06-18,13.593,13.166,13.761,13.138,2625411.0,2
2015-06-19,12.999,12.581,13.194,12.535,2185683.0,2
2015-06-23,12.628,13.25,13.278,12.544,2776475.0,2
2015-06-24,13.259,13.352,13.38,13.064,2161884.0,2
2015-06-25,13.371,13.185,13.705,13.148,2544738.0,2
2015-06-26,12.962,12.47,13.231,11.885,3070641.0,2
2015-06-29,12.86,12.711,13.278,11.959,4207973.0,2
2015-06-30,12.925,13.482,13.575,12.628,4092262.0,2
2015-07-01,13.231,13.231,13.668,13.138,2892502.0,2
2015-07-02,13.287,13.194,13.398,12.201,3349160.0,2
2015-07-03,12.934,12.721,13.231,12.256,3154673.0,2
2015-07-06,13.863,13.816,13.993,12.906,6165474.0,2
2015-07-07,13.463,13.501,13.974,13.148,4650930.0,2
2015-07-08,12.405,12.312,13.083,12.154,7170862.0,2
2015-07-09,12.312,13.51,13.547,11.894,6070451.0,2
2015-07-10,13.185,13.9,14.689,12.999,9107701.0,2
2015-07-13,13.556,14.021,14.383,13.241,4687954.0,2
2015-07-14,13.631,13.51,13.863,13.38,2779623.0,2
2015-07-15,13.408,13.658,14.03,13.241,2683554.0,2
2015-07-16,13.658,13.649,13.816,13.398,1777245.0,2
2015-07-17,13.714,13.993,14.123,13.575,2552673.0,2
2015-07-20,13.9,14.253,14.281,13.742,2961502.0,2
2015-07-21,14.176,13.927,14.176,13.917,1957817.0,2
2015-07-22,13.927,14.109,14.157,13.533,2342343.0,2
2015-07-23,13.956,14.551,14.618,13.879,3373487.0,2
2015-07-24,14.56,14.791,15.357,14.493,4654227.0,2
2015-07-27,14.791,13.629,15.318,13.389,3127221.0,2
2015-07-28,13.341,14.032,14.205,13.207,2836192.0,2
2015-07-29,14.013,14.013,14.157,13.773,1641064.0,2
2015-07-30,13.994,13.514,14.061,13.514,1243463.0,2
2015-07-31,13.389,13.61,13.668,13.332,1227839.0,2
2015-08-03,13.533,14.023,14.032,13.399,1539136.0,2
2015-08-04,14.023,14.195,14.378,13.946,808632.0,2
2015-08-05,14.138,13.869,14.157,13.821,761177.0,2
2015-08-06,13.687,13.764,14.042,13.572,509536.0,2
2015-08-07,13.888,14.013,14.119,13.802,866518.0,2
2015-08-10,14.1,14.464,14.57,13.946,1686307.0,2
2015-08-11,14.349,14.944,15.29,14.243,2567401.0,2
2015-08-12,14.589,14.33,14.743,14.234,1445252.0,2
2015-08-13,14.301,14.282,14.455,13.965,1163208.0,2
2015-08-14,14.263,14.349,14.675,14.215,1494006.0,2
2015-08-17,14.186,14.167,14.224,13.984,1273262.0,2
2015-08-18,14.148,13.648,14.291,13.533,1478446.0,2
2015-08-19,13.524,13.917,13.956,13.466,999341.0,2
2015-08-20,13.773,13.706,13.869,13.648,842493.0,2
2015-08-21,13.62,13.351,13.802,13.293,1379281.0,2
2015-08-24,13.101,12.66,13.13,12.362,3419757.0,2
2015-08-25,12.285,12.477,12.881,12.036,2750628.0,2
2015-08-26,12.765,12.717,13.264,12.525,2346846.0,2
2015-08-27,13.092,12.65,13.13,12.094,1533563.0,2
2015-08-28,12.775,13.034,13.13,12.516,1374186.0,2
2015-08-31,12.871,13.245,13.245,12.669,1434213.0,2
2015-09-01,13.149,13.658,13.687,12.727,1950730.0,2
2015-09-02,13.216,13.648,13.754,12.929,2294696.0,2
2015-09-07,13.428,13.053,13.917,12.957,1400581.0,2
2015-09-08,12.996,13.13,13.13,12.765,651811.0,2
2015-09-09,13.159,13.207,13.476,13.044,834576.0,2
2015-09-10,13.082,12.996,13.236,12.967,417768.0,2
2015-09-11,13.044,12.929,13.121,12.861,313452.0,2
2015-09-14,12.929,12.66,12.996,12.641,568116.0,2
2015-09-15,12.66,12.497,12.756,12.381,476738.0,2
2015-09-16,12.564,12.89,13.101,12.391,707855.0,2
2015-09-17,12.813,12.573,12.852,12.573,612529.0,2
2015-09-18,12.593,12.593,12.66,12.516,344571.0,2
2015-09-21,12.535,12.65,12.669,12.535,471720.0,2
2015-09-22,12.698,12.727,12.813,12.65,451240.0,2
2015-09-23,12.621,12.621,12.727,12.573,320597.0,2
2015-09-24,12.669,12.564,12.679,12.525,443596.0,2
2015-09-25,12.497,12.381,12.564,12.333,442280.0,2
2015-09-28,12.362,12.333,12.468,12.266,412656.0,2
2015-09-29,12.237,12.094,12.276,12.017,597878.0,2
2015-09-30,12.161,12.218,12.295,12.065,489518.0,2
2015-10-08,12.717,12.545,12.785,12.506,820862.0,2
2015-10-09,12.602,12.698,12.746,12.545,634505.0,2
2015-10-12,12.698,12.938,13.092,12.679,784171.0,2
2015-10-13,12.871,12.929,13.015,12.813,568893.0,2
2015-10-14,12.785,12.746,12.929,12.717,544904.0,2
2015-10-15,12.765,12.977,13.015,12.746,438053.0,2
2015-10-16,12.986,13.101,13.197,12.977,506452.0,2
2015-10-19,13.149,12.986,13.149,12.861,574487.0,2
2015-10-20,12.89,13.005,13.101,12.881,407246.0,2
2015-10-21,13.005,12.698,13.063,12.669,558005.0,2
2015-10-22,12.698,12.813,12.861,12.641,452334.0,2
2015-10-23,12.823,13.188,13.245,12.775,675645.0,2
2015-10-26,13.322,13.121,13.408,13.034,780360.0,2
2015-10-27,13.005,13.14,13.169,12.785,344633.0,2
2015-10-28,13.13,13.111,13.274,13.111,344164.0,2
2015-10-29,13.111,13.073,13.178,12.996,278917.0,2
2015-10-30,13.149,13.121,13.197,13.053,298317.0,2
2015-11-02,13.063,13.015,13.121,12.996,328989.0,2
2015-11-03,13.015,13.111,13.149,12.996,297604.0,2
2015-11-04,13.101,13.514,13.533,13.063,768654.0,2
2015-11-05,13.485,13.552,13.994,13.389,923180.0,2
2015-11-06,13.543,13.639,13.735,13.495,501764.0,2
2015-11-09,13.639,13.821,14.071,13.61,830505.0,2
2015-11-10,13.754,13.696,13.792,13.629,524600.0,2
2015-11-11,13.639,13.6,13.744,13.533,578612.0,2
2015-11-12,13.668,13.524,13.677,13.447,534850.0,2
2015-11-13,13.437,13.341,13.485,13.274,383628.0,2
2015-11-16,13.255,13.437,13.437,13.159,320707.0,2
2015-11-17,13.466,13.437,13.725,13.341,651299.0,2
2015-11-18,13.504,14.08,14.656,13.447,1753443.0,2
2015-11-19,14.013,13.917,14.013,13.61,886044.0,2
2015-11-20,13.869,13.908,14.128,13.792,732482.0,2
2015-11-23,13.917,13.792,14.052,13.744,629288.0,2
2015-11-24,13.792,13.917,13.965,13.572,745686.0,2
2015-11-25,13.84,13.975,14.128,13.812,581818.0,2
2015-11-26,13.965,13.917,14.032,13.888,383748.0,2
2015-11-27,13.85,13.687,14.061,13.668,888155.0,2
2015-11-30,13.716,14.464,14.637,13.706,2020009.0,2
2015-12-01,14.387,15.914,15.914,14.33,3750163.0,2
2015-12-02,16.01,17.507,17.507,15.875,6389886.0,2
2015-12-03,17.708,18.38,18.553,17.353,4771236.0,2
2015-12-04,18.14,18.217,19.042,17.852,3768009.0,2
2015-12-07,18.063,17.296,18.217,16.96,2255719.0,2
2015-12-08,17.18,17.056,17.344,16.701,1529886.0,2
2015-12-09,17.228,18.764,18.764,17.094,3598519.0,2
2015-12-10,18.803,18.755,20.501,18.255,3067374.0,2
2015-12-11,18.371,19.1,19.522,18.025,2035008.0,2
2015-12-14,18.812,19.273,19.657,18.246,1392194.0,2
2015-12-15,18.812,20.233,20.597,18.812,1673876.0,2
2015-12-16,19.801,19.378,20.146,19.206,1185363.0,2
2015-12-17,19.561,21.317,21.317,19.532,2583392.0,2
2015-12-18,21.5,23.448,23.448,20.789,2238984.0,2
2016-07-04,21.106,21.106,21.106,21.106,42663.0,2
2016-07-05,18.994,18.994,18.994,18.994,1990576.0,2
2016-07-06,18.332,19.004,19.945,18.332,10283727.0,2
2016-07-07,18.332,18.063,18.447,17.958,4300225.0,2
2016-07-08,17.852,17.996,18.217,17.478,3124436.0,2
2016-07-11,17.756,17.536,17.939,17.497,2412151.0,2
2016-07-12,17.536,17.392,17.689,16.854,3064821.0,2
2016-07-13,17.276,17.584,17.747,17.132,2543261.0,2
2016-07-14,17.411,17.238,17.449,17.2,1675569.0,2
2016-07-15,17.18,17.171,17.324,17.142,1082550.0,2
2016-07-18,17.123,16.729,17.123,16.72,1560004.0,2
2016-07-19,16.691,16.422,16.691,16.355,1627752.0,2
2016-07-20,16.211,16.393,16.72,16.067,2304922.0,2
2016-07-21,16.23,16.336,16.499,16.182,1444706.0,2
2016-07-22,16.48,16.691,16.883,16.441,2339709.0,2
2016-07-25,16.566,16.989,17.075,16.24,2354339.0,2
2016-07-26,16.893,17.065,17.113,16.816,1493196.0,2
2016-07-27,17.065,16.72,17.113,16.23,1476486.0,2
2016-07-28,16.691,17.2,17.209,16.518,1507462.0,2
2016-07-29,17.05,17.14,17.35,16.81,1986861.0,2
2016-08-01,17.01,17.17,17.29,16.9,1273062.0,2
2016-08-02,17.11,17.61,17.7,17.07,1604209.0,2
2016-08-03,17.55,17.88,17.97,17.49,1515550.0,2
2016-08-04,17.76,19.67,19.67,17.6,3713465.0,2
2016-08-05,20.33,20.95,21.63,19.96,3800722.0,2
2016-08-08,20.74,21.87,22.95,20.55,3673389.0,2
2016-08-09,22.11,21.97,22.29,21.15,2146892.0,2
2016-08-10,21.7,21.2,21.88,21.0,2063233.0,2
2016-08-11,21.15,20.71,21.37,20.64,1580387.0,2
2016-08-12,20.8,22.78,22.78,20.52,3748708.0,2
2016-08-15,23.45,25.06,25.06,23.41,3231106.0,2
2016-08-16,26.51,27.57,27.57,26.11,3334780.0,2
2016-08-17,26.61,25.85,27.44,25.36,3054820.0,2
2016-08-18,25.3,25.58,27.68,24.51,4133752.0,2
2016-08-19,25.15,24.59,25.32,24.51,2069911.0,2
2016-08-22,24.79,24.7,25.56,24.44,1792252.0,2
2016-08-23,24.39,24.7,25.28,23.83,1694763.0,2
2016-08-24,24.4,23.99,24.84,23.75,1470675.0,2
2016-08-25,23.5,23.54,23.94,22.71,1821374.0,2
2016-08-26,23.59,22.89,23.59,22.88,1200024.0,2
2016-08-29,22.86,22.91,23.25,22.75,782446.0,2
2016-08-30,22.95,22.66,23.06,22.55,909262.0,2
2016-08-31,22.68,24.93,24.93,22.6,2383125.0,2
2016-09-01,25.0,23.44,25.01,23.19,2565603.0,2
2016-09-02,23.14,23.77,24.6,23.01,1925079.0,2
2016-09-05,23.6,23.44,23.68,23.1,1028879.0,2
2016-09-06,23.4,23.32,23.66,23.0,982128.0,2
2016-09-07,23.54,23.27,23.54,23.1,794539.0,2
2016-09-08,23.23,23.62,24.45,23.13,1424683.0,2
2016-09-09,23.5,23.17,23.59,23.01,884296.0,2
2016-09-12,22.6,23.5,23.97,22.5,1379745.0,2
2016-09-13,23.38,23.58,23.68,23.2,887418.0,2
2016-09-14,23.35,23.58,23.8,23.33,785574.0,2
2016-09-19,23.58,23.63,24.0,23.51,586837.0,2
2016-09-20,23.63,23.62,23.69,23.23,625656.0,2
2016-09-21,23.55,24.62,24.62,23.41,2227502.0,2
2016-09-22,24.8,27.0,27.08,24.41,3567456.0,2
2016-09-23,26.32,25.48,26.55,25.24,1978383.0,2
2016-09-26,25.19,24.68,25.35,24.4,1324173.0,2
2016-09-27,24.61,25.14,25.69,24.51,1553417.0,2
2016-09-28,24.88,25.8,26.38,24.33,1564090.0,2
2016-09-29,25.68,25.99,26.3,25.38,1282985.0,2
2016-09-30,25.9,26.17,27.45,25.81,1358410.0,2
2016-10-10,25.0,25.97,25.98,24.66,1435511.0,2
2016-10-11,25.75,26.23,27.41,25.56,1507286.0,2
2016-10-12,26.0,26.6,26.67,25.63,877754.0,2
2016-10-13,26.51,26.81,27.2,26.3,1015574.0,2
2016-10-14,26.92,26.84,27.25,26.62,915143.0,2
2016-10-17,26.5,26.0,26.75,25.73,929151.0,2
2016-10-18,25.9,26.0,26.13,25.51,641773.0,2
2016-10-19,26.0,25.83,26.48,25.79,604605.0,2
2016-10-20,25.72,25.94,26.69,25.51,892419.0,2
2016-10-21,25.7,25.25,25.88,25.16,818705.0,2
2016-10-24,25.25,25.24,25.45,25.01,533196.0,2
2016-10-25,25.2,25.01,25.34,24.8,711492.0,2
2016-10-26,25.0,25.17,25.25,24.88,583825.0,2
2016-10-27,25.07,24.77,25.07,24.7,436479.0,2
2016-10-28,24.58,24.75,25.25,24.5,631412.0,2
2016-10-31,24.75,24.92,25.5,24.51,548274.0,2
2016-11-01,25.2,25.79,26.1,25.06,1358772.0,2
2016-11-02,25.45,24.9,25.67,24.9,1017361.0,2
2016-11-03,24.77,24.87,25.19,24.71,519229.0,2
2016-11-04,24.84,24.59,25.0,24.46,582099.0,2
2016-11-07,24.47,24.16,24.58,24.03,419893.0,2
2016-11-08,24.16,24.22,24.49,24.15,290066.0,2
2016-11-09,24.43,26.3,26.64,24.35,4017161.0,2
2016-11-10,26.0,26.56,28.28,25.58,2430300.0,2
2016-11-11,26.15,25.99,26.77,25.7,958462.0,2
2016-11-14,26.23,25.7,26.25,25.31,878780.0,2
2016-11-15,25.6,26.94,27.8,25.46,1485885.0,2
2016-11-16,26.64,26.68,27.22,26.09,827117.0,2
2016-11-17,26.62,27.0,27.0,26.31,595134.0,2
2016-11-18,27.8,27.72,29.0,27.51,1503164.0,2
2016-11-21,27.27,27.4,28.25,26.01,1390655.0,2
2016-11-22,27.04,27.3,27.42,26.9,530389.0,2
2016-11-23,27.9,27.22,28.07,26.98,740906.0,2
2016-11-24,27.08,26.93,27.19,26.7,412246.0,2
2016-11-25,26.79,27.2,27.6,26.71,645946.0,2
2016-11-28,27.36,26.38,27.42,25.48,1255939.0,2
2016-11-29,26.17,26.16,26.53,25.9,780600.0,2
2016-11-30,27.35,26.98,27.99,26.77,1193183.0,2
2016-12-01,26.56,26.97,27.3,26.3,950170.0,2
2016-12-02,26.71,26.45,26.85,26.37,515729.0,2
2016-12-05,25.08,25.5,25.98,24.86,689063.0,2
2016-12-06,25.15,25.38,25.63,25.15,356455.0,2
2016-12-07,25.35,25.14,25.37,24.18,494623.0,2
2016-12-08,25.1,24.74,25.13,24.7,380550.0,2
2016-12-09,24.61,24.81,25.17,24.37,481680.0,2
2016-12-12,24.78,23.26,24.78,23.07,789019.0,2
2016-12-13,23.02,23.06,23.28,21.86,484500.0,2
2016-12-14,22.67,22.29,22.9,22.2,412814.0,2
2016-12-15,22.15,22.33,22.62,21.88,355628.0,2
2016-12-16,22.12,22.46,22.75,22.12,293976.0,2
2016-12-19,22.0,21.1,22.0,21.04,700484.0,2
2016-12-20,21.0,20.33,21.0,20.15,719065.0,2
2016-12-21,20.2,20.48,20.7,20.2,531304.0,2
2016-12-22,20.3,20.61,20.77,20.1,499717.0,2
2016-12-23,20.47,20.3,20.67,20.25,324359.0,2
2016-12-26,20.21,20.65,20.69,20.12,378124.0,2
2016-12-27,20.65,21.42,21.98,20.59,743305.0,2
2016-12-28,21.24,21.2,21.48,21.01,321517.0,2
2016-12-29,21.29,20.84,21.32,20.7,322046.0,2
2016-12-30,20.88,20.55,20.96,20.45,261150.0,2
2017-01-03,20.55,20.73,20.88,20.55,217016.0,2
2017-01-04,20.74,20.85,20.95,20.45,331554.0,2
2017-01-05,20.85,20.93,21.23,20.78,310125.0,2
2017-01-06,20.94,20.64,21.04,20.61,235919.0,2
2017-01-09,20.6,20.66,20.75,20.53,150954.0,2
2017-01-10,20.67,20.58,20.69,20.52,159171.0,2
2017-01-11,20.52,20.4,20.63,20.4,168652.0,2
2017-01-13,21.0,21.81,22.4,20.9,1064266.0,2
2017-01-16,21.81,21.0,21.81,20.31,553240.0,2
2017-01-17,20.73,20.8,20.96,20.39,321040.0,2
2017-01-18,20.67,20.92,21.18,20.53,324772.0,2
2017-01-19,20.7,20.6,20.88,20.55,216888.0,2
2017-01-20,20.6,20.68,20.83,20.54,215053.0,2
2017-01-23,20.7,20.74,20.85,20.7,156373.0,2
2017-01-24,20.77,20.69,20.8,20.65,159318.0,2
2017-01-25,20.68,20.61,20.73,20.52,154647.0,2
2017-01-26,20.65,20.68,20.77,20.65,141248.0,2
2017-02-03,20.69,20.68,20.79,20.64,108926.0,2
2017-02-06,20.68,20.71,20.74,20.6,141028.0,2
2017-02-07,20.59,20.64,20.82,20.56,174076.0,2
2017-02-08,20.64,20.69,20.71,20.5,180081.0,2
2017-02-09,20.71,20.8,21.35,20.68,679248.0,2
2017-02-10,20.78,20.66,20.78,20.57,334926.0,2
2017-02-13,20.65,20.77,20.85,20.59,285171.0,2
2017-02-14,20.77,20.91,20.98,20.7,369763.0,2
2017-02-15,20.9,20.67,20.9,20.66,287322.0,2
2017-02-16,20.67,20.68,20.76,20.59,171054.0,2
2017-02-17,20.68,20.54,20.68,20.52,198142.0,2
2017-02-20,20.55,20.61,20.73,20.52,247483.0,2
2017-02-21,20.72,20.98,20.98,20.63,536856.0,2
2017-02-22,20.95,20.9,20.95,20.79,225366.0,2
2017-02-23,20.94,20.79,20.98,20.72,191637.0,2
2017-02-24,20.72,20.72,20.77,20.62,217539.0,2
2017-02-27,20.57,20.52,20.63,20.48,293446.0,2
2017-02-28,20.52,20.53,20.59,20.47,159762.0,2
2017-03-01,20.55,20.5,20.59,20.49,250601.0,2
2017-03-02,20.52,20.34,20.54,20.33,222827.0,2
2017-03-03,20.34,20.2,20.37,20.12,170260.0,2
2017-03-06,20.25,20.22,20.39,20.14,276336.0,2
2017-03-07,20.24,20.26,20.29,20.18,181572.0,2
2017-03-08,20.27,20.72,20.85,20.26,657862.0,2
2017-03-09,20.6,20.51,20.73,20.35,246039.0,2
2017-03-10,20.52,20.6,20.75,20.52,236308.0,2
2017-03-13,20.65,20.71,20.88,20.51,419235.0,2
2017-03-14,20.81,21.57,22.4,20.72,1209940.0,2
2017-03-15,21.36,21.29,21.57,21.0,506426.0,2
2017-03-16,21.41,21.27,21.68,21.13,516623.0,2
2017-03-17,22.0,21.54,22.28,21.5,789146.0,2
2017-03-20,21.49,21.13,21.49,20.85,555865.0,2
2017-03-21,21.01,21.18,21.34,20.82,288242.0,2
2017-03-22,21.15,21.07,21.17,20.95,243581.0,2
2017-03-23,21.08,21.45,21.91,20.96,534906.0,000002
